{
  "test_set": {
    "dice_mean": 0.8180606830855066,
    "iou_mean": 0.7725261664007956,
    "pixel_accuracy": 0.977788633108139,
    "dice_per_class": [
      0.9873909384012223,
      0.9651496142148972,
      0.7321306652101909,
      0.5875715145157165
    ],
    "iou_per_class": [
      0.9751428097486496,
      0.9331409275531769,
      0.6537265411290561,
      0.5280943871723003
    ]
  },
  "validation_set": {
    "dice_mean": 0.8771888583943188,
    "iou_mean": 0.8105031643107473,
    "pixel_accuracy": 0.964946836233139,
    "dice_per_class": [
      0.9798612624406815,
      0.9347251921892166,
      0.9268038034439087,
      0.6673651755034682
    ],
    "iou_per_class": [
      0.960587278008461,
      0.8813365489244461,
      0.8697827756404877,
      0.5303060546695944
    ]
  },
  "model_path": "models/unet_scratch/unet_final.pth",
  "num_test_samples": 20,
  "num_val_samples": 20
}